{"data":[{"empNumber":104,"lastName":"010Z","firstName":"A8DCo","middleName":"4Ys","employeeId":"0312","terminationId":null},{"empNumber":86,"lastName":"5TlV","firstName":"99N75","middleName":"425","employeeId":"0295","terminationId":null},{"empNumber":2,"lastName":"Adalwin","firstName":"Odis","middleName":"","employeeId":"0002","terminationId":null},{"empNumber":69,"lastName":"Akunuri","firstName":"Ranga","middleName":"","employeeId":"0277","terminationId":null},{"empNumber":95,"lastName":"Amiano","firstName":"Timothy","middleName":"Lewis","employeeId":"0039","terminationId":null},{"empNumber":3,"lastName":"Anderson","firstName":"Peter","middleName":"Mac","employeeId":"0007","terminationId":null},{"empNumber":46,"lastName":"B","firstName":"Ravi","middleName":"M","employeeId":"3322","terminationId":null},{"empNumber":98,"lastName":"Das","firstName":"Rahul","middleName":"","employeeId":null,"terminationId":null},{"empNumber":101,"lastName":"Das","firstName":"Rahul","middleName":"","employeeId":"123","terminationId":null},{"empNumber":97,"lastName":"Das","firstName":"Rahul","middleName":"","employeeId":null,"terminationId":null},{"empNumber":96,"lastName":"Das","firstName":"Rahul","middleName":"","employeeId":"0304","terminationId":null},{"empNumber":99,"lastName":"Das","firstName":"Rahul","middleName":"","employeeId":"kkt","terminationId":null},{"empNumber":84,"lastName":"dulvin","firstName":"savina","middleName":"dulvin","employeeId":"0293029900","terminationId":null},{"empNumber":94,"lastName":"dulvin","firstName":"savina","middleName":"dulvin","employeeId":"0303029900","terminationId":null},{"empNumber":82,"lastName":"dulvin","firstName":"savina","middleName":"dulvin","employeeId":"0291029900","terminationId":null},{"empNumber":58,"lastName":"g","firstName":"savi","middleName":"N","employeeId":"0266","terminationId":null},{"empNumber":9,"lastName":"Hamilton","firstName":"Russel","middleName":"","employeeId":"0034","terminationId":null},{"empNumber":11,"lastName":"Harmony","firstName":"Rebecca","middleName":"","employeeId":"0042","terminationId":null},{"empNumber":83,"lastName":"hbfqkhjfqbhbfqkhjfqb","firstName":"bmrtahvwhibmrtahvwhi","middleName":"","employeeId":"0292","terminationId":null},{"empNumber":91,"lastName":"hgfkag","firstName":"Sagar","middleName":"hag","employeeId":"0300","terminationId":null},{"empNumber":70,"lastName":"hzzdyzwxmwhzzdyzwxmw","firstName":"uehwadquzwuehwadquzw","middleName":"","employeeId":"0279","terminationId":null},{"empNumber":81,"lastName":"ibuvlwtfsfibuvlwtfsf","firstName":"dhbrukkuzldhbrukkuzl","middleName":"","employeeId":"0290","terminationId":null},{"empNumber":39,"lastName":"Kohli","firstName":"Virat","middleName":"","employeeId":"0249","terminationId":null},{"empNumber":52,"lastName":"lszuvmchnilszuvmchni","firstName":"rkbqaoxdhzrkbqaoxdhz","middleName":"","employeeId":"0261","terminationId":null},{"empNumber":61,"lastName":"n","firstName":"savi","middleName":"g","employeeId":"0270","terminationId":null},{"empNumber":80,"lastName":"n","firstName":"savi","middleName":"g","employeeId":"0289","terminationId":null},{"empNumber":62,"lastName":"n","firstName":"savi","middleName":"N","employeeId":"0271","terminationId":null},{"empNumber":108,"lastName":"Na","firstName":"San","middleName":"Abcn","employeeId":"0316","terminationId":null},{"empNumber":85,"lastName":"P","firstName":"DHINA","middleName":"KARAN","employeeId":"0294","terminationId":null},{"empNumber":37,"lastName":"Patil","firstName":"Rahul","middleName":"Mulge","employeeId":"0247","terminationId":null},{"empNumber":92,"lastName":"R P","firstName":"Nalim","middleName":"","employeeId":"0301","terminationId":null},{"empNumber":109,"lastName":"Raj","firstName":"Gokul","middleName":"","employeeId":"0317","terminationId":null},{"empNumber":90,"lastName":"ravi","firstName":"bala","middleName":"kumar","employeeId":"0303","terminationId":null},{"empNumber":107,"lastName":"s","firstName":"juygfdszvaishnavi","middleName":"","employeeId":"03150001","terminationId":null},{"empNumber":88,"lastName":"selvam","firstName":"joker","middleName":"john","employeeId":"0303","terminationId":null},{"empNumber":89,"lastName":"selvi","firstName":"siva","middleName":"kumar","employeeId":"0303","terminationId":null},{"empNumber":22,"lastName":"Shaheen","firstName":"Sania","middleName":"","employeeId":"0087","terminationId":null},{"empNumber":50,"lastName":"smzocpbvswsmzocpbvsw","firstName":"zlnudvgazrzlnudvgazr","middleName":"","employeeId":"0259","terminationId":null},{"empNumber":71,"lastName":"Sri","firstName":"Urvi","middleName":"","employeeId":"0280","terminationId":null},{"empNumber":65,"lastName":"Sri","firstName":"Urvi","middleName":"","employeeId":"0274","terminationId":null},{"empNumber":75,"lastName":"Sri","firstName":"Urvi","middleName":"","employeeId":"0284","terminationId":null},{"empNumber":64,"lastName":"Sri","firstName":"Urvi","middleName":"","employeeId":"0273","terminationId":null},{"empNumber":72,"lastName":"Sri","firstName":"Urvi","middleName":"","employeeId":"0281","terminationId":null},{"empNumber":76,"lastName":"Sri","firstName":"Urvi","middleName":"","employeeId":"0285","terminationId":null},{"empNumber":26,"lastName":"Tencrady","firstName":"Sara","middleName":"","employeeId":"0103","terminationId":null},{"empNumber":1,"lastName":"Test","firstName":"Orange","middleName":"","employeeId":"0001","terminationId":null},{"empNumber":105,"lastName":"test","firstName":"sww","middleName":"","employeeId":"0313","terminationId":null},{"empNumber":102,"lastName":"test","firstName":"sww","middleName":"","employeeId":"0310","terminationId":null},{"empNumber":7,"lastName":"Tester","firstName":"Bob","middleName":"","employeeId":"0024","terminationId":null},{"empNumber":106,"lastName":"thiru","firstName":"murugan","middleName":"moorthi","employeeId":"0308","terminationId":null}],"meta":{"total":52},"rels":[]}