{
  "FilterHeaders": [
    {
      "Header": "x-goog-update-updater",
      "IncludeInScript": false
    },
    {
      "Header": "x-goog-update-interactivity",
      "IncludeInScript": false
    },
    {
      "Header": "x-goog-update-appid",
      "IncludeInScript": false
    },
    {
      "Header": "x-goog-encode-response-if-executable",
      "IncludeInScript": false
    },
    {
      "Header": "x-goog-api-key",
      "IncludeInScript": false
    },
    {
      "Header": "user-agent",
      "IncludeInScript": false
    },
    {
      "Header": "upgrade-insecure-requests",
      "IncludeInScript": false
    },
    {
      "Header": "sec-fetch-user",
      "IncludeInScript": false
    },
    {
      "Header": "sec-fetch-site",
      "IncludeInScript": false
    },
    {
      "Header": "sec-fetch-mode",
      "IncludeInScript": false
    },
    {
      "Header": "sec-fetch-dest",
      "IncludeInScript": false
    },
    {
      "Header": "sec-ch-ua-platform",
      "IncludeInScript": false
    },
    {
      "Header": "sec-ch-ua-mobile",
      "IncludeInScript": false
    },
    {
      "Header": "sec-ch-ua",
      "IncludeInScript": false
    },
    {
      "Header": "origin",
      "IncludeInScript": false
    },
    {
      "Header": "if-none-match",
      "IncludeInScript": false
    },
    {
      "Header": "contenttype",
      "IncludeInScript": false
    },
    {
      "Header": "cache-control",
      "IncludeInScript": false
    },
    {
      "Header": "accept-language",
      "IncludeInScript": true
    },
    {
      "Header": "accept-encoding",
      "IncludeInScript": false
    },
    {
      "Header": "accept",
      "IncludeInScript": false
    },
    {
      "Header": "a-im",
      "IncludeInScript": false
    }
  ],
  "FilterResources": [
    {
      "IsNonResource": false,
      "type": "text/plain"
    },
    {
      "IsNonResource": true,
      "type": "text/html"
    },
    {
      "IsNonResource": false,
      "type": "text/css"
    },
    {
      "IsNonResource": false,
      "type": "image/vnd.microsoft.icon"
    },
    {
      "IsNonResource": false,
      "type": "image/svg+xml"
    },
    {
      "IsNonResource": false,
      "type": "image/png"
    },
    {
      "IsNonResource": false,
      "type": "image/jpeg"
    },
    {
      "IsNonResource": true,
      "type": "application/json"
    },
    {
      "IsNonResource": false,
      "type": "application/javascript"
    }
  ],
  "GeneralInfo": {
    "BrowserVersion": "",
    "IsWinInetMode": false,
    "MaxUsedConnections": 14,
    "RecordedBrowser": "Chrome",
    "RecordingDate": "Feb-26-2024",
    "RecordingDuration": 309469,
    "RecordingMode": "N/A",
    "RecordingTimeStamp": 1708933067,
    "RecordingType": "Browser",
    "TotalBytesReceived": 4698465,
    "TotalBytesSent": 54166,
    "TotalRequests": 59,
    "UserAgent": "Mozilla/5.0 (Windows NT 10.0; Win64; x64) AppleWebKit/537.36 (KHTML, like Gecko) Chrome/121.0.0.0 Safari/537.36"
  },
  "HostInfo": [
    {
      "DomainName": "orangehrmlive.com",
      "Domains": [
        {
          "HTTPVersion": "HTTP/1.1",
          "IP": "78.136.60.48",
          "IncludeInScript": true,
          "Name": "opensource-demo.orangehrmlive.com",
          "Port": 443,
          "Requests": [
            {
              "CompressionType": "",
              "DataType": "",
              "DownloadTime": 297,
              "EventId": 1033,
              "HttpStatus": 304,
              "Size": 0,
              "URL": "https://opensource-demo.orangehrmlive.com/web/index.php/core/i18n/messages"
            },
            {
              "CompressionType": "",
              "DataType": "text/html",
              "DownloadTime": 313,
              "EventId": 1031,
              "HttpStatus": 200,
              "Size": 3471,
              "URL": "https://opensource-demo.orangehrmlive.com/web/index.php/auth/login"
            },
            {
              "CompressionType": "",
              "DataType": "text/html",
              "DownloadTime": 296,
              "EventId": 1027,
              "HttpStatus": 302,
              "Size": 510,
              "URL": "https://opensource-demo.orangehrmlive.com/web/index.php/auth/logout"
            },
            {
              "CompressionType": "",
              "DataType": "",
              "DownloadTime": 329,
              "EventId": 1023,
              "HttpStatus": 200,
              "Size": 25592,
              "URL": "https://opensource-demo.orangehrmlive.com/web/dist/fonts/nunito-sans-v6-latin-ext_latin-300.woff2"
            },
            {
              "CompressionType": "",
              "DataType": "application/json",
              "DownloadTime": 360,
              "EventId": 1009,
              "HttpStatus": 200,
              "Size": 315,
              "URL": "https://opensource-demo.orangehrmlive.com/web/index.php/api/v2/pim/employees/7/personal-details"
            },
            {
              "CompressionType": "",
              "DataType": "application/json",
              "DownloadTime": 344,
              "EventId": 1004,
              "HttpStatus": 200,
              "Size": 1850,
              "URL": "https://opensource-demo.orangehrmlive.com/web/index.php/api/v2/leave/holidays?fromDate=2024-01-01&toDate=2024-12-31"
            },
            {
              "CompressionType": "",
              "DataType": "application/json",
              "DownloadTime": 360,
              "EventId": 1002,
              "HttpStatus": 200,
              "Size": 72,
              "URL": "https://opensource-demo.orangehrmlive.com/web/index.php/api/v2/leave/workweek?model=indexed"
            },
            {
              "CompressionType": "",
              "DataType": "application/json",
              "DownloadTime": 547,
              "EventId": 1000,
              "HttpStatus": 200,
              "Size": 5895,
              "URL": "https://opensource-demo.orangehrmlive.com/web/index.php/api/v2/pim/employees"
            },
            {
              "CompressionType": "",
              "DataType": "application/json",
              "DownloadTime": 766,
              "EventId": 998,
              "HttpStatus": 200,
              "Size": 253,
              "URL": "https://opensource-demo.orangehrmlive.com/web/index.php/api/v2/pim/employees/7/screen/personal/attachments?limit=50&offset=0"
            },
            {
              "CompressionType": "",
              "DataType": "application/json",
              "DownloadTime": 469,
              "EventId": 996,
              "HttpStatus": 200,
              "Size": 1850,
              "URL": "https://opensource-demo.orangehrmlive.com/web/index.php/api/v2/leave/holidays?fromDate=2024-01-01&toDate=2024-12-31"
            },
            {
              "CompressionType": "",
              "DataType": "application/json",
              "DownloadTime": 594,
              "EventId": 994,
              "HttpStatus": 200,
              "Size": 72,
              "URL": "https://opensource-demo.orangehrmlive.com/web/index.php/api/v2/leave/workweek?model=indexed"
            },
            {
              "CompressionType": "",
              "DataType": "application/json",
              "DownloadTime": 516,
              "EventId": 992,
              "HttpStatus": 200,
              "Size": 277,
              "URL": "https://opensource-demo.orangehrmlive.com/web/index.php/api/v2/pim/employees/7/custom-fields?screen=personal"
            },
            {
              "CompressionType": "",
              "DataType": "application/json",
              "DownloadTime": 422,
              "EventId": 990,
              "HttpStatus": 200,
              "Size": 139,
              "URL": "https://opensource-demo.orangehrmlive.com/web/index.php/api/v2/pim/employees/7"
            },
            {
              "CompressionType": "",
              "DataType": "application/json",
              "DownloadTime": 344,
              "EventId": 988,
              "HttpStatus": 200,
              "Size": 315,
              "URL": "https://opensource-demo.orangehrmlive.com/web/index.php/api/v2/pim/employees/7/personal-details"
            },
            {
              "CompressionType": "",
              "DataType": "",
              "DownloadTime": 281,
              "EventId": 986,
              "HttpStatus": 304,
              "Size": 0,
              "URL": "https://opensource-demo.orangehrmlive.com/web/index.php/pim/viewPhoto/empNumber/7"
            },
            {
              "CompressionType": "",
              "DataType": "",
              "DownloadTime": 265,
              "EventId": 984,
              "HttpStatus": 304,
              "Size": 0,
              "URL": "https://opensource-demo.orangehrmlive.com/web/index.php/core/i18n/messages"
            },
            {
              "CompressionType": "",
              "DataType": "text/html",
              "DownloadTime": 563,
              "EventId": 981,
              "HttpStatus": 200,
              "Size": 20775,
              "URL": "https://opensource-demo.orangehrmlive.com/web/index.php/pim/viewPersonalDetails/empNumber/7"
            },
            {
              "CompressionType": "",
              "DataType": "text/html",
              "DownloadTime": 266,
              "EventId": 979,
              "HttpStatus": 302,
              "Size": 610,
              "URL": "https://opensource-demo.orangehrmlive.com/web/index.php/pim/viewMyDetails"
            },
            {
              "CompressionType": "",
              "DataType": "image/jpeg",
              "DownloadTime": 437,
              "EventId": 969,
              "HttpStatus": 200,
              "Size": 18530,
              "URL": "https://opensource-demo.orangehrmlive.com/web/index.php/pim/viewPhoto/empNumber/9"
            },
            {
              "CompressionType": "",
              "DataType": "image/jpeg",
              "DownloadTime": 296,
              "EventId": 964,
              "HttpStatus": 200,
              "Size": 123537,
              "URL": "https://opensource-demo.orangehrmlive.com/web/index.php/buzz/photo/9"
            },
            {
              "CompressionType": "",
              "DataType": "",
              "DownloadTime": 296,
              "EventId": 962,
              "HttpStatus": 200,
              "Size": 26312,
              "URL": "https://opensource-demo.orangehrmlive.com/web/dist/fonts/nunito-sans-v6-latin-ext_latin-700.woff2"
            },
            {
              "CompressionType": "",
              "DataType": "",
              "DownloadTime": 156,
              "EventId": 959,
              "HttpStatus": 200,
              "Size": 26800,
              "URL": "https://opensource-demo.orangehrmlive.com/web/dist/fonts/nunito-sans-v6-latin-ext_latin-italic.woff2"
            },
            {
              "CompressionType": "",
              "DataType": "image/jpeg",
              "DownloadTime": 547,
              "EventId": 950,
              "HttpStatus": 200,
              "Size": 32878,
              "URL": "https://opensource-demo.orangehrmlive.com/web/index.php/pim/viewPhoto/empNumber/22"
            },
            {
              "CompressionType": "",
              "DataType": "image/jpeg",
              "DownloadTime": 547,
              "EventId": 947,
              "HttpStatus": 200,
              "Size": 21806,
              "URL": "https://opensource-demo.orangehrmlive.com/web/index.php/pim/viewPhoto/empNumber/11"
            },
            {
              "CompressionType": "",
              "DataType": "image/jpeg",
              "DownloadTime": 485,
              "EventId": 943,
              "HttpStatus": 200,
              "Size": 89269,
              "URL": "https://opensource-demo.orangehrmlive.com/web/index.php/buzz/photo/11"
            },
            {
              "CompressionType": "",
              "DataType": "image/jpeg",
              "DownloadTime": 453,
              "EventId": 939,
              "HttpStatus": 200,
              "Size": 16256,
              "URL": "https://opensource-demo.orangehrmlive.com/web/index.php/pim/viewPhoto/empNumber/7"
            },
            {
              "CompressionType": "",
              "DataType": "image/jpeg",
              "DownloadTime": 469,
              "EventId": 937,
              "HttpStatus": 200,
              "Size": 20692,
              "URL": "https://opensource-demo.orangehrmlive.com/web/index.php/pim/viewPhoto/empNumber/2"
            },
            {
              "CompressionType": "",
              "DataType": "image/png",
              "DownloadTime": 313,
              "EventId": 935,
              "HttpStatus": 200,
              "Size": 41913,
              "URL": "https://opensource-demo.orangehrmlive.com/web/images/dashboard_empty_widget_watermark.png"
            },
            {
              "CompressionType": "",
              "DataType": "text/html",
              "DownloadTime": 359,
              "EventId": 933,
              "HttpStatus": 200,
              "Size": 0,
              "URL": "https://opensource-demo.orangehrmlive.com/web/index.php/events/push"
            },
            {
              "CompressionType": "",
              "DataType": "application/json",
              "DownloadTime": 406,
              "EventId": 929,
              "HttpStatus": 200,
              "Size": 272,
              "URL": "https://opensource-demo.orangehrmlive.com/web/index.php/api/v2/dashboard/employees/locations"
            },
            {
              "CompressionType": "",
              "DataType": "image/png",
              "DownloadTime": 156,
              "EventId": 927,
              "HttpStatus": 200,
              "Size": 2680,
              "URL": "https://opensource-demo.orangehrmlive.com/web/images/orangehrm-logo.png?v=1706326081969"
            },
            {
              "CompressionType": "",
              "DataType": "application/json",
              "DownloadTime": 328,
              "EventId": 925,
              "HttpStatus": 200,
              "Size": 324,
              "URL": "https://opensource-demo.orangehrmlive.com/web/index.php/api/v2/dashboard/employees/subunit"
            },
            {
              "CompressionType": "",
              "DataType": "application/json",
              "DownloadTime": 438,
              "EventId": 923,
              "HttpStatus": 200,
              "Size": 66,
              "URL": "https://opensource-demo.orangehrmlive.com/web/index.php/api/v2/dashboard/employees/leaves?date=2024-02-26"
            },
            {
              "CompressionType": "",
              "DataType": "application/json",
              "DownloadTime": 438,
              "EventId": 919,
              "HttpStatus": 200,
              "Size": 2684,
              "URL": "https://opensource-demo.orangehrmlive.com/web/index.php/api/v2/buzz/feed?limit=5&offset=0&sortOrder=DESC&sortField=share.createdAtUtc"
            },
            {
              "CompressionType": "",
              "DataType": "application/json",
              "DownloadTime": 328,
              "EventId": 917,
              "HttpStatus": 200,
              "Size": 183,
              "URL": "https://opensource-demo.orangehrmlive.com/web/index.php/api/v2/dashboard/shortcuts"
            },
            {
              "CompressionType": "",
              "DataType": "application/json",
              "DownloadTime": 422,
              "EventId": 913,
              "HttpStatus": 200,
              "Size": 159,
              "URL": "https://opensource-demo.orangehrmlive.com/web/index.php/api/v2/dashboard/employees/action-summary"
            },
            {
              "CompressionType": "",
              "DataType": "application/json",
              "DownloadTime": 328,
              "EventId": 911,
              "HttpStatus": 200,
              "Size": 1172,
              "URL": "https://opensource-demo.orangehrmlive.com/web/index.php/api/v2/dashboard/employees/time-at-work?timezoneOffset=5.5&currentDate=2024-02-26&currentTime=13:21"
            },
            {
              "CompressionType": "",
              "DataType": "image/png",
              "DownloadTime": 312,
              "EventId": 893,
              "HttpStatus": 200,
              "Size": 16559,
              "URL": "https://opensource-demo.orangehrmlive.com/web/images/orange.png?v=1706326081969"
            },
            {
              "CompressionType": "",
              "DataType": "",
              "DownloadTime": 297,
              "EventId": 890,
              "HttpStatus": 304,
              "Size": 0,
              "URL": "https://opensource-demo.orangehrmlive.com/web/index.php/core/i18n/messages"
            },
            {
              "CompressionType": "",
              "DataType": "text/html",
              "DownloadTime": 344,
              "EventId": 888,
              "HttpStatus": 200,
              "Size": 6620,
              "URL": "https://opensource-demo.orangehrmlive.com/web/index.php/dashboard/index"
            },
            {
              "CompressionType": "",
              "DataType": "text/html",
              "DownloadTime": 625,
              "EventId": 886,
              "HttpStatus": 302,
              "Size": 530,
              "URL": "https://opensource-demo.orangehrmlive.com/web/index.php/auth/validate"
            },
            {
              "CompressionType": "",
              "DataType": "",
              "DownloadTime": 297,
              "EventId": 856,
              "HttpStatus": 200,
              "Size": 25820,
              "URL": "https://opensource-demo.orangehrmlive.com/web/dist/fonts/nunito-sans-v6-latin-ext_latin-600.woff2"
            },
            {
              "CompressionType": "",
              "DataType": "",
              "DownloadTime": 281,
              "EventId": 852,
              "HttpStatus": 200,
              "Size": 25884,
              "URL": "https://opensource-demo.orangehrmlive.com/web/dist/fonts/nunito-sans-v6-latin-ext_latin-regular.woff2"
            },
            {
              "CompressionType": "",
              "DataType": "",
              "DownloadTime": 156,
              "EventId": 850,
              "HttpStatus": 200,
              "Size": 25780,
              "URL": "https://opensource-demo.orangehrmlive.com/web/dist/fonts/nunito-sans-v6-latin-ext_latin-800.woff2"
            },
            {
              "CompressionType": "",
              "DataType": "",
              "DownloadTime": 313,
              "EventId": 821,
              "HttpStatus": 200,
              "Size": 121296,
              "URL": "https://opensource-demo.orangehrmlive.com/web/dist/fonts/bootstrap-icons.woff2"
            },
            {
              "CompressionType": "",
              "DataType": "image/png",
              "DownloadTime": 312,
              "EventId": 817,
              "HttpStatus": 200,
              "Size": 324441,
              "URL": "https://opensource-demo.orangehrmlive.com/web/images/ohrm_logo.png"
            },
            {
              "CompressionType": "",
              "DataType": "image/png",
              "DownloadTime": 156,
              "EventId": 815,
              "HttpStatus": 200,
              "Size": 30411,
              "URL": "https://opensource-demo.orangehrmlive.com/web/images/ohrm_branding.png?v=1706326081969"
            },
            {
              "CompressionType": "",
              "DataType": "image/svg+xml",
              "DownloadTime": 141,
              "EventId": 813,
              "HttpStatus": 200,
              "Size": 289,
              "URL": "https://opensource-demo.orangehrmlive.com/web/dist/img/blob.svg"
            },
            {
              "CompressionType": "",
              "DataType": "application/json",
              "DownloadTime": 265,
              "EventId": 803,
              "HttpStatus": 200,
              "Size": 100873,
              "URL": "https://opensource-demo.orangehrmlive.com/web/index.php/core/i18n/messages"
            },
            {
              "CompressionType": "",
              "DataType": "image/vnd.microsoft.icon",
              "DownloadTime": 157,
              "EventId": 801,
              "HttpStatus": 200,
              "Size": 564,
              "URL": "https://opensource-demo.orangehrmlive.com/web/dist/favicon.ico?v=1706326081969"
            },
            {
              "CompressionType": "",
              "DataType": "application/javascript",
              "DownloadTime": 282,
              "EventId": 654,
              "HttpStatus": 200,
              "Size": 1491165,
              "URL": "https://opensource-demo.orangehrmlive.com/web/dist/js/app.js?v=1706326081969"
            },
            {
              "CompressionType": "",
              "DataType": "text/css",
              "DownloadTime": 313,
              "EventId": 602,
              "HttpStatus": 200,
              "Size": 160886,
              "URL": "https://opensource-demo.orangehrmlive.com/web/dist/css/app.css?v=1706326081969"
            },
            {
              "CompressionType": "",
              "DataType": "application/javascript",
              "DownloadTime": 156,
              "EventId": 592,
              "HttpStatus": 200,
              "Size": 1625366,
              "URL": "https://opensource-demo.orangehrmlive.com/web/dist/js/chunk-vendors.js?v=1706326081969"
            },
            {
              "CompressionType": "",
              "DataType": "text/css",
              "DownloadTime": 312,
              "EventId": 570,
              "HttpStatus": 200,
              "Size": 249969,
              "URL": "https://opensource-demo.orangehrmlive.com/web/dist/css/chunk-vendors.css?v=1706326081969"
            },
            {
              "CompressionType": "",
              "DataType": "text/html",
              "DownloadTime": 297,
              "EventId": 565,
              "HttpStatus": 200,
              "Size": 3473,
              "URL": "https://opensource-demo.orangehrmlive.com/web/index.php/auth/login"
            },
            {
              "CompressionType": "",
              "DataType": "text/html",
              "DownloadTime": 157,
              "EventId": 561,
              "HttpStatus": 302,
              "Size": 0,
              "URL": "https://opensource-demo.orangehrmlive.com/"
            }
          ],
          "SSLCipher": "ECDHE-RSA-AES256-GCM-SHA384",
          "SSLVersion": "TLS1.2"
        }
      ],
      "IncludeInScript": true
    },
    {
      "DomainName": "googleapis.com",
      "Domains": [
        {
          "HTTPVersion": "HTTP/1.1",
          "IP": "142.250.205.227",
          "IncludeInScript": true,
          "Name": "update.googleapis.com",
          "Port": 80,
          "Requests": [
            {
              "CompressionType": "gzip",
              "DataType": "application/json",
              "DownloadTime": 266,
              "EventId": 878,
              "HttpStatus": 200,
              "Size": 952,
              "URL": "http://update.googleapis.com/service/update2/json?cup2key=13:g2vgUg9jvxco2b5H3D3nLZWpT5ee5pzNk4SfKhFv06Q&cup2hreq=bc15d0710297b004c7f3f9b341890b0274ad72aa0905721243da86b5d9d0028b"
            }
          ],
          "SSLCipher": "None",
          "SSLVersion": "None"
        },
        {
          "HTTPVersion": "HTTP/1.1",
          "IP": "142.250.195.170",
          "IncludeInScript": true,
          "Name": "content-autofill.googleapis.com",
          "Port": 443,
          "Requests": [
            {
              "CompressionType": "gzip",
              "DataType": "text/plain",
              "DownloadTime": 109,
              "EventId": 859,
              "HttpStatus": 200,
              "Size": 58,
              "URL": "https://content-autofill.googleapis.com/v1/pages/ChVDaHJvbWUvMTIxLjAuNjE2Ny4xODUSIAlx0MhB461LMBIFDeeNQA4SBQ3OQUx6IfSlwpWXzsx1?alt=proto"
            }
          ],
          "SSLCipher": "TLS_AES_256_GCM_SHA384",
          "SSLVersion": "TLS1.3"
        },
        {
          "HTTPVersion": "HTTP/1.1",
          "IP": "142.250.195.35",
          "IncludeInScript": true,
          "Name": "clientservices.googleapis.com",
          "Port": 443,
          "Requests": [
            {
              "CompressionType": "",
              "DataType": "",
              "DownloadTime": 219,
              "EventId": 563,
              "HttpStatus": 304,
              "Size": 0,
              "URL": "https://clientservices.googleapis.com/chrome-variations/seed?osname=win&channel=stable&milestone=121"
            }
          ],
          "SSLCipher": "TLS_AES_256_GCM_SHA384",
          "SSLVersion": "TLS1.3"
        }
      ],
      "IncludeInScript": true
    }
  ],
  "WebSocket": {
    "IncludeInScript": false,
    "IsScriptIncludeWebSocket": false
  },
  "NumberOfCorrelations": 2
}